"short.version","long.version"
1,"015b555bb0af955efb7bd252f91658fe36704c7a94dd9ba354fe451cf325dbd397b4c06b0fcd9681a609251126a5c41f8917f2c0ff26c5beabe5de5bf6815951"
2,"0173f59a7ba08b7303d22f05008888c011287d47c8e3ba46c10d0cdf34ad132d88576bd73d01820d944360d7eef8986af661f50c4716eb76e99f71c98430e067"
3,"019537b7e632e8979c97c102c8cd9f49d1ec617bc9a57fa0f0d12a9874b76aa990de0e90e6294f24053ba091cfcef1a9beeacdd99d42314bc7dd0354e0194999"
4,"019f75f59324165d70a12947dd586f23e06b548e09285dc9cf2af4edcb9f05afe74d84f1d013a4e8d3b033fb13db6687f98ea3859d2b2d4cccba25cbc3f6e4ab"
5,"0215531455096183b3b099491f289c61d50728f1b145a0d2e43f1943e28c1a3a907ab4023148fd340f5e8c5884124c222c70ca8a023df391d14d68219feb3639"
6,"0229da592f1893ae109d9823e1f9fb884cc795d86deddada2dc1a9819c8b76019c2b0a34448388f58e2ba4262be5933994e47d1d05842166566b8341d46da1b4"
7,"0434d8c6613bd17c28e8b88a3c37c67a1ee1f94d84e146e580214d70e8e863173f8fe64cae93e74966b29cb8b62ad5cc7d93a517ca200345e7f13e864ccae2f4"
8,"04e54a94e62ac1ea3bb7730019624bfe98f2e8f2bb9dba32df70b4b5ce66952dcb9ac0534558d6add0bb3477b3c2cf35bf9e89a311da0d7bedfced569b894b24"
9,"04f418c3da38b157d750292a1ffa039a2e5dae07b993e63db904655116f9c2dd9130984f3eefc6cc41020a78d8b7436f43683cdc5d48ab27235890749cbf598c"
10,"066a8b667e012f53602ffbc8d6c86fbb5e15d5a94f3aec6f14fd6c160aafdf6a201df9a2d09a8e1ea6334821199f38ccf54c6a5c9388f10f1b98f4b38d76321d"
11,"06ba66225e1cc4487c452b8fb2c0831425abea948fd35c94f55325e4d425208458e44d0f35321d823484cc151c8d7ead81b4a0ae6c50939ad25a783a2480e4cc"
12,"078ac18a46137294ae711d6b742cf5843e48a85c295f53b8bf97b53fc1d740fcf1cd051614187d5ac409a4b2d48150449bd66b1d750a24c0203c8e19b8352cd2"
13,"07a60a50cf278ede089c59d4a8f27aab0f3cb9779b21418a15b7ee19aac55b00d2bf80f27e64db987c490f9108851dd4188db939523de68af494f4a2f90c5b2d"
14,"080c58571de97e53303a887be0313ccc35cc8348487a953cb610fcc7799e582eaff5ee42e1328ae800dff1f5c40e83dc0b3e242e4ca882bf2849a4c67664c277"
15,"081b44720ee17a6b1227f624f9ce9d6382d61be428df35a1f9828898b9a2467217fb13783fac88942b3e615705a20536877c28a6897b8e109562394a32ded75a"
16,"087153d854cdcca8397250c26a45fa17b79b1bb0580028fb833750a9eb146e001d3b4565a6e203d8bbc9eb75320ad9ea4f82b224bd635a02de5a268861a9da09"
17,"0a0b8b57ad4e84cc5a676c78538715c1de603f4e994296ad92d588309fd822b9ead76ed1619acc8d1fe1d9725bc4b4237fa921acd0fe786c4ceb343561eafab0"
18,"0b5e5512d11676df0b906bfb42150748d22b74b28990246f086c28a89af81a3d1211aa37a23313b57f79037cf7262514a489556f2fcf9bd4cb8792aa2e6e82a5"
19,"0c3fd9ac2d8121d4076546a6b8089b3607e1f135e086d50f768ee486a10c28a1844dfd9e8a7cb12d045ab05edee82d24e3b89701bf49b21863c378e34d3f9ee1"
20,"0c4e8d8f08ad82a6849f2291f78a22822eb974041efb6724632777fa126e8ca518e365a50e523f8e00b244840bef5adb48a8abe2342e79bb6966787f3001223d"
21,"0d1e611a107c55afff649df596c3cc5f59cad1be23d793c2d5eaf9d878c7fe8b8efb14497568602f32583b77606d1042a84046af051632dadf567d52ee50efa7"
22,"0dd7e160e4ff6264047e4ae764746654f2c75a34b159e88585de7682b1187b620ddd2b0ff98a36c0bc7df14f3b599c8ec24e81dff64b245afa46216ab8742e18"
23,"0df56a59f57e0efd686f83f88f0b37f9ce64113cb986a8883813089b6b5417a40ea1b8bc359e802335bee98bd9c6ff59996f3d4eb8505d8ebfbf1a718a45f51b"
24,"0f52c5798c950ec81b6ce919fd52126e092b212938de9ea96e4d6d28426d9d589e88a118d30b4539791abac9191ecfcb2eb029738bdf7eb797ce71fe32521a0e"
25,"0fadc95a7130bed50a80815d7ad99010d6f2d7e3b15cb6b6bb84356fce156bdc539b3e5b9e0632990bfc08ce2f444d55ad6940c49c30cf38ff0469ef7f317290"
26,"0fd46295967e2185c1dda114ec0d04c922966b43922d1a04c751a3bc3702c1399d87957f1c86f404d7f7e937453d81375dd7c7f29af0c84437b361fa778eee47"
27,"0fe4f63b08930a9cb108d59185f47d2836f776b9d116e14dfff3ae23691e7bf3641298793c361f00493e4a890d709c031803caf4ec654d45b8bb02b6822867d5"
28,"10f7bce227097c2963ce5e129d514a81c373c2d5e24b29ce3ba2a07ea823736b05bc1c148c3be627e2bf8adf4bb26907a343728a6ac476a05663e7e118523085"
29,"1117796d61ca435ba80f316b5f84663b74e95e1de671395151bd88f2fff89ae4921e2f4df3d60aebf15d9f56581a025fc6d0ad1d128b569017ee8eb9977c4d85"
30,"1167b11d3eafa6d850f4bc9e8400b54fcaa6427881de65a244088612aa64f50ef050f9e008866b8adc4bece147ebb43796fc61521aa3827b8389bcfb3ba33815"
31,"1167df4b465134c1e896ac639354aabc3d40b7c26c9781358f166d1a7c7d436110fc8e325445a71835d2fa637d41907baecfddd01f0025d861c1f109fefbcb1e"
32,"11f34d0c8a579df8702f67eac8b8933b387cf155fa218eef4dd34aad7db6ca731c4ec0a1d1c723d43ca454374fe59099ef2e8f013f437a635a7e857a13ca6990"
33,"11f6352c172802f85e717684025eabb5f15177527b1e3b50a26bf977749a6bf13884b04af051901b80684aed7a7ddd51ee1ce22fd11d8dfe41ca2a31cbe6ad5f"
34,"131f7f15dc55431e524205b3b2c9dee83debe055911f43d6bf303d714633ee8746f871a11530611d95702e1e8cbfe0661e08227085c22de3e72cfcd1652200e7"
35,"131fbf5af500ddafe0f8eda0d93e809d04a23365eb5d18cf84cb3dcc175d6f2f188e15c7dc17407e44d0ce950bf481375727c876f6e93a4bc44a62c1c49e84e2"
36,"132a871467b7f4f5a53eb1150fc5608cd25c8b8dbc4d27bd5708099a8667b65752213128a567d333449803813bf7d8dbe533df911a163dc3f9f8e1edd6e2588f"
37,"132ae40e098269f1176a015d987c68be3ffaf99b62383dc4f7af1d07550f29ba33f12faa7d7addf5a9e506d369e3e9dd03630e12828e1f504581637188ef3f7f"
38,"14bdbe4caa10a4720c14c0536e69a91e882bcb913f89598707903f4ddecb1911bf586449ca854643e5604ace37bb78ca0a54cec1a2969d645a05dcc8dfbf00db"
39,"15e20f31d83093803fcebad1bf364ed66a2565705c56792d820380b756006e412850f4afc3301892580433839f082ba9fed026da165044b8de29c8ce18cdc45c"
40,"168588640ada352455df670d128d64e934e503fb8edbc67861335f1a50d97ba7343052cac15f25fa3203be00a1cdfd17231f48fbae2a440de5354b37cefdf9db"
41,"16b134e33a67d332c527cb6130baffc13ea0bc192d2155cc74fe8525ea5fcba7bb2616fa01653d5363e1782bd635f8f02686283097d742308455490059ac6d6d"
42,"172b8f4c8197b2b95c143e4f3f1f4094052fb7dbad521e7944978708d2d1bb52248a143ec719e4f88e8ab18ec92fdc741bb660785382caf3fea40809a902e0cb"
43,"17306009cfd2ea4a0272a5fff5d3491eff225bb7f478edc44d7b49fde274b17646006f9c7271d6a0fbc55f7bbd42937173506a20b25a59de010edd7f963286ca"
44,"181f4c688568f135ab2b432df9af5d393d636270d4f14ea82be8e71ec70e59b369dcc0b3cee006d0933e771d2beb6c89d3e8b3c4a2e323ce2c6cd679ad0553d3"
45,"18603950460a2c6da1baafeb2ff5cc7553c9a405dde4b37eeb6a547e0ef793d69163fa44778ba387f23c40d19920660b8c036f82ea520c14b8d02262e0fa93a7"
46,"195ab33b696bb0b66be0779dab53a62f8371e10916bc136e25869d70433d91ba5e8fc98405bd692b600ecbfe437bb7ad5ec84f4c76b87f35e2799b22d38eb8ed"
47,"1963fa213bc73fc3e24ec52820104254723ad5d047c87aff119c4bf5caa4c28ca2689723556424c315b9873f7a5b40ce5b343a18e917632ebb2add2eee603a32"
48,"196bf65e692a67f663a033bd9866c9b82c797f3b42f80a020f478c01e30fdf82be54a9a692b1bcdcd58a9e1ff9a43e8e3cec6f59dbdb82e02d7718ae50feec6c"
49,"199b38759618872906fe884e216c1510b5ebb93b3155f504c975a34e71b74ec5270a4f67e243db41a2cf86622f308426cbb41004101438350d572b7cd7dda93e"
50,"1a5288c5e356e41d223aea7fce14d940cf9ae72e3c94b7dc0893a300cc1a5f933de4ec324621fa80309a0ba0ff19df24168ad0a8bf27f94a24c30ecb809624ff"
51,"1a5d87964187cc0306acd82cd39b1a2deb53b1aeff79431c8c5cf22e557ce4688c41757cfc75e62830130bc88707450fa39f9553b71357ae2844bed8d4b4794a"
52,"1af12e14ce7ff4c3447b25b3d8b2c885299f51bd242e2b496351564945bb35f11cb08c0b437cc622438b06b05c72be9c6afcd99206b417d3596e52edf4dbde2f"
53,"1b52f6cf8f4c5fb4cf69aa4bfcea3fe66d2042d4d419c00f067e8d0c7898b4438127d73870b7f15b04ca59fb669a74c82b37893b128c58edec8b12b582df3a58"
54,"1b70e1d00b3ce068ccdb0d946bb1453fc1ca10305674f4ac0bec83e531ab4a8d76d4791bb0c70c042d6e028c72b0fd91f881683e01a4b5321058bce70ecc94f9"
55,"1bcbcc163c65bcdb02cb2463a45243c14be0b5f6e2baf0a15285b36e270199fb602d23d8d569d4e2e0cdeae612aba91e8f2205d84fb1dbab637b1e6be0e552e0"
56,"1d508c56bd0ee79fcf131ecd5892ef7114ac93e77a1e238698902a67239c3ad26a20ae33ec021cca3a1b7b06049b554a27d45698c9ffe69aa3ff939b556a0659"
57,"1d7022228243879a297bbe7edb60b99879052403c7349f1c6f836bd9e5ab2aca1ea9f4c25c60f78ecb6fb3664373d7e02bc72a930a147f8ad673bbb632991240"
58,"1daf50216d90beb9836f75e9394b0555ce1521ea13eb3e805405e364180c65747e6382669c1df54e12c22b297bb684985673cf56b4c1536b15283d0c13d9ae2f"
59,"1efbdb27ceb49ca5cafa64b3454a7029d394b7e2b7026ebc0a2b6569eaacc72a51a077c51ddcb6b67d5a2362f3bff6fe081adc345115dc23197031d7a1392cbb"
60,"1f14dd5ec4932491f30e31838313496dffd4f77709a05c92cbd4a07e5831a3a3a6da13b6e3cc92bd58dc06e7036ba4ff6ca5350b503e6fba8b68a33e73f30271"
61,"1f39996a579f14e72eea00f146c61539d768e37e4f15e43d1fdec0ef7532d44ef72e52345b27dc96944866fe6d1460df387576e9b5d83a5b0612be0fc6780fb0"
62,"1fab6a874b8c4a7ed40ab284ac8599542a24092d7eed79b2f811d4a58cc84e65b2ff9cb782b1b18a516c5ee50b6d08ab61a1cccd654ff5a493fe1d1dd040c053"
63,"21ad41ba14e3d760e9c5d272d09f04c237357dacc809b7a2d9100f5728682ccb8b51bd2ba946f502391c4b1442c0cf656dd39543df15b31678f716b91e1dbae3"
64,"2299d02d4611d68f55e1b4fff748d977c3d6a5024af6b6a3c4f1294e5887e61f5366841f2b0ecc22b32be12197845ad34a21bb917d958cd1dc0be8b1dcf8ab80"
65,"22ba02b7de5d49344036615a6cd571ec774b7e83b1301dc9fb8e7865d0d6689f299550c3b77c2319328d74edad9b8d087d067902a5e7e519abb83e824e25a52a"
66,"22dcedc8c35f9c6e3adb061c995350f867805d30a3de98118b7c4b4b249ccf862f3afd195d3d5c486e6b993af71468a2c51c7cdb45d1b06a766e133e642d2688"
67,"237aaafb715244ce5a8683c3a2aff33bd3048c6065447cc1ef5a417efda30e4e41dce954948dc5f00ef65d502b6b8e0a65d8fa44657a01fa51b75731007c78e8"
68,"25787a225e51cdd1d85ac3b45f03a1b141a71c5d4036aa91970f3acfc6ad4ed6f16ddc0d039823e264c41f23278db01656c416920f589653213af450f9d4ed97"
69,"25a23da991408538d4f941a540bcab07390fa3872e0f2e8b99c741f20286b44fe5ea64b6b7f85145908c08eb53022dfb2da9e62c8db9489b58fa5014f30ecbb5"
70,"2601b06c8be060596ad079e79576def9fa208d6d38896264a6192e457c503edd168f3b25c5177a87a325ca95108c15ff48496942931ee712754514e1722c05a1"
71,"2639f2b0b18e51f39cdd908195baf9a937fb40730fcabeeb487dcce0259105ca6908435896f36726d84960723a53a184661c260ff6d14aaf317765375def2241"
72,"2696bf59b331e77ff447eb7e31bd5cb68357ba193b9e082aeea5120ef0e7a85989f03ef56da878e72eb97ee20a7ffafc6c5ab018d878ea6654d23cc26622181c"
73,"26978994c84dc7b2ec59092e6a7769145cca43acb321cd23c6ef5cc1e05421761f68c0f04380fe86a1e160469d5604b387fa6c0a7b41150a437c4cdfc13399c5"
74,"26cb1433428c2661e692dd58fb436f9d805895d3e6e4317067aa0e193bf50f9e5ef731815922ccca94f1216f6c8676d3d69f7272322db22be62d937a7ec862f2"
75,"270852adad1d6d22dc8d77b3b1f5a085ccb1132923ce02bae81a1cf924f6f0a713661065420fa326ed987d76c31f346695afeeca0bdfd5d81b23e0d39a423274"
76,"27d6af765da5ac55eaadd09305f7407e14ba5d4af7ebf92b40b611fb9ca7386b17ad370b7b5c1b048e595ac92f4f57f1b3a3ff68529d921af05e565f01a93345"
77,"27e86343f8064216e20991fa61ca30bba7a1528639cbf6ecd15e5705cc6784f58548cd27c38e570968496f6e377f22920f9301d41917dab41e016d7e049c4ea0"
78,"283cdc9cb35e18af080b350ffa91f0109bd1d63537b97e4fde614a6445d22a80251361bcb1f07e5533653ef54390c71b446e80fb6c4c697d3197d27a09957831"
79,"2886995d7ea44b7551d84556b821901efc09e27b89aa35c1b0584034e7439f75706390162bfd0c20b6e931b2d337b029c3602bbc753df8aa6f8ab17c115d95b0"
80,"2ad619166b013095e8bb59164150fda1153dfc286958997ae2473296edf707260a2d44a9ebac3be8120c8995bb6768b2596177ac699c0699c2607952ff6e3b33"
81,"2bc4296301f8c0550f3ac16743144071111ae0c7d56b7563e47330a576f4bb6ddfe6693dafaf471066672cf5ab52e4db5fff44a7f11ea0861525b0d77e5d5fcd"
82,"2c3a11fc0b68aaf4c7bd5e8f8442ba9ca955a23634325d05061b6972961960124d4ccc4a3f597a154b47745eaa47a5ed6123aa4b6effd2b93d6cb7bfcd883c08"
83,"2f17cc1c9afb84a4685a6b603f195a7dfcef3a894e8870ef4ccd30966938b089c1411939e49042743be0622713457bb96027780589da9cfc463c9795257ae585"
84,"2f580d52246638f05207cc7229fdfdc4f014069cf91213efb32ae62bf92412b8e466dfc16d06e4401b7d597ac0795f76e8a2e2be3f10a164a7c06cccbca713ef"
85,"2f84a06d16db10776ef1346d254c8aeba1bd73b658a50935552dd5b38a55ecfa8ea73a9b4aa63f9430a6d3fdade1edec6ff4c27b702c7f323ae4a68f6511677d"
86,"2ff0790cf27054c9a3b9975bdfc83b5a10672fc651b987416b5a87ede408acfecca6f927690cc17a2982fd1c696c00975a32b73cee731d040627ffe83bdc5c92"
87,"3028698f8eb35a77c3da126e4b7813f1e8373ae723708c0fc49fe87be758b261e55db18fdf33d0a57d204b9f61c90a5e0be57178b294461548709e9b1aedf3da"
88,"303e2f4f34ca2c0cefaf246962284adedb63b183893926bfd7323dca3070a185a7e61a861e409fc69c557d2cadbaacfa530855beb2a91ddbfd3a6b476b7541b1"
89,"316afc9005eccd0a065c4baf05917b4226de0f277df8137f176b1623c703bd5db1424cda72e9696f8b7d66dafcf3aa81951ee9c52972225dde172926f3ff9e87"
90,"31738ad8d4e22fe0ff6186e3d74e8be2ca1c104e0c243d52b4df0e4bd729b19d348ee02f4972467e10ba6a1c473ffe009fa3a980f8392247572fa20421a44106"
91,"32e647f68478271b488c6756eacffe076ad38a2e2d1b8196fb71dc4d0594e09d073fdf84f831ad64b5c31bda3f12adae0e3d43c814bac7e6414a147e2512f101"
92,"33264b94e3dc0e627177510c39721b44dfe859a10dfc60882feda3e429a60d118335f2f653cd61c45bdf531537e16923737bca56a7a8c0509018cede5ed893e0"
93,"332667d60fa0f926de58003c474267d8eb8cd5731eaf32944398041a65962e89b6dc7b64293be46660b552661833d3f61391c5c31f1296077c63fa350af91a4a"
94,"3337e8582a781db23bca991cd4e1c438c436b55abb7be0b8c77ad069e80f8e8d7f4740ed458fa58d8816d5f7d108b9918e961ca077e87ab274c990ffdbd897c7"
95,"339623e92b50e13d13f2489ee7289bb90c638fcb71c6108981f99279890077dffaf06764d4784b2e6591caee598036a155258f469355b15a0da5d711ebc65d0f"
96,"33fbc1b2281c014b2383a7ee0a36abf7680f9bceff4f7f8c173ca51b52c8b510185c808bb75b74dc490988dfb77f85b0c115a1de6eb6839a4c0f33a0d68fe43a"
97,"3461edc6875b72c6d28c984b6411a5caf926a2a89823123035f02c369691a34857eed6d7d2c535c0a5281ef17452835ff2d15b9b8cde43c9daf9a10728a14729"
98,"352efe8e918b2641b54aeadfd84b1a9f8b289dd5e9ea122c597b84b0042043f723f0755783f125c9e6d5cbf086a29e683d0eee86a7dcc5046ee593c09113d7c6"
99,"3586ed9e7a8d11625132bc86f16ee9152204a40301de99dc2b57c71830255e2b58d65fb4e26293494f76c569b2dfacffbac0b9e57cbeda2b8e9f100bc68d0c9e"
100,"358ae2cd5d77f8ad6f2509f1e2c62f357a02a74796437ddc6e2dc9fc7a9401ee1ef2485e73cffe0b71cfbe03333a707b008e562fae4c45362bb0dbb4369368b2"
101,"359c3c5689fbd4e4631d457127657cd226d655b21d491a850b98e8630c86aaf6f7eb412c169cca2e90868a4b51249c099303e7c74bb7ec490099b6aa8a8cda72"
102,"371618c65422436f62aea9a1200cfc095ca886f2128edf2029b1d5da3cc569a790d8abcccea9604e243a684fe676a749ee04a63da739a09a9ed2d92a5dca0707"
103,"371ca4cfadc0f05d6d736d3fbbffe7ae5b99741fccd5d4e866021751f85384f93671f612f36ebbb57f2c25552f967f50b0d554487481ba88680e52bf0e786eb4"
104,"376a6acdb61604815aab7b6105d634e18bbbcb5b4bf043cb19b7f7d714642246b4ee80fc7f65644bed1c145bbbe27372ea6bce57c44ea9e4d2f8c7c06d30ef4a"
105,"37be764ab359cb10cd568b23511183afae8cb9f89ce08432e82105341c20c1d7fd33fcbcd8cbd7480ba3c7f334c0c921b7bebf17b03392f65bfa9a8f0ed8b33b"
106,"38554b496fc76bed5765d99db555d4845c78ac0cba61b03b62427bcf35f43c1900b08cbb35b3ccc0c675eb3386029d7afad1430ec25efd712dacacc63eaf818c"
107,"387a2664ac4d687d08ede12be5b2df0f245c8bd37fd1942feb2abac2f824fcfcf317198568e5a54915d284d9cc219ea053400a806db437cf39880b667827299b"
108,"38e276b05960507355a682ef109066641d8f3daf9e38040775f046b4464988c20946e30e19acac728bb666534d30f27c9fc3ad038a9f875f817b4abeba20ad1a"
109,"39ac2003a1d769700b6633b465a57dc28adce4be402f518813971ce694b53cadeeceaf3680f9917d03b1343442f37861c49e27336730586d6b093167d0e3a2b2"
110,"3a60d4c47c6ce1ccf094e4e7ff5781c7660f53fb8d6456d508b3aed87a6b091e88021fa21e338912c187373dcf2fb0a0836550aacf97865a33aa377940e37582"
111,"3b18bc1fe931089ef63bced89db81c73c15ac053a266b0b77ae2bedca6e69af245f25b40f8c6a365acbc368c907dfb16ba2db13a69b79015752df60639813a16"
112,"3ba8f882d87c1f89240a3c1aaf19f212a14ffe7247588fe458d6d208773570ab2f3466592540125dcedd5e6eaaca3c26f5abbcb5c949bc7b18e5465d91cb202a"
113,"3c723250795719cc379f331abe8496440d45832617a58c4417b381fb21925e48a0ce255ae7d577491d91719a480f3940a9bfb504a784623418fb6784321c0007"
114,"3cd2c56c38c24aec7721043b19feb86041e02ee6f217658125432868fe63ade5cd33074538ef2f0e45b116d41a5dcc7ae0af8ffa8fd41a4d8df1e7080956451a"
115,"3daa880f5c015753eb083b85b2e800056961360347d62e10ae914d567b532c5655a32bc7b1e72e5a5947a76e0b1d4bbba4d9db5d3ac2be3f933211929afe03bd"
116,"3ee4c61f6a1a3e93db45e5c243e0a088e2bc5a94a044723e066634576964f693da4d05937c2b2eeadfa5deacc25d52c716867fd065207397b8285bb04f0d314e"
117,"3fb784cce6e7d1a8b861c3a247188f748eee0c48a3fdfe1a8def35cf49083e22aaa039d448bc771741987c13a78611a3b8b5af8c7e30cce3a89d8d72fa145d60"
118,"40cc01950955d836be61780b90c4542e4d61c90268613850a80704f3b83dd4fe3a7160263a12517c51364305f1b9bf7388403751bbbfd788866a25f428e0473b"
119,"41a0136999ae0085d84ef44f96bde1823631175d4867240c81acbc15d7ac67763941c142fd625d02a832438906e79c63a5f31bed807795155f6dc9a815cfe9c1"
120,"42209396695ea6c660e49a324ff9c441fb235b545fa38d3b32b5757a78dbc810156b1e2091ed00dfee7c8521dadf078746c8abd824866bdc9f92a305f38d8f17"
121,"42fa8092e0a1db1fc896d4ff5d36cac0b94ffef58c3f0954af35e7a4451acee4c51c4ebaa63203d2b98741efe8eac5088361db3e8e2ddb341320cfa855aa5893"
122,"4392a49a412f69453aefbf5b4178837f16da8ae3299ab507f357903001bcce039c48b8cff16ac72bb939c2c8a0ab05ef322333bff6836b4025ba193b5d706d57"
123,"44c557752836fee0c6b4dea3196b674672bf67fb27ccff3102e82e192989a0ecdcb4a48f858e0d9e47ca52deb2182e2926f3a0c49a9486547eede40ad9789197"
124,"454d11bde44914a588d27677c67e83b78177c7b7ca50d567c88bbe55323d2ebdcc2a29b70c4ce0c799361825b83b3a2e9966c50a1998c95e2c047f2bd77acc6d"
125,"458ed36b114251ad56755523967c1bd129c24a81f0c43bb4efdcedcc7758a9b735ff52a222a624150fb94336e2218389784fdcd27aa967846cff3f6da59abeb5"
126,"46495d7951c695c761559b5dd0270daa0e5c2b340dce750173e619f2aa419d94b1ee4f66b92a0e06d1c6d5e35d17d98cfe40db74d49e61a6d737d8e7707b3dec"
127,"480131f668d57e3da416631b01b7fcf87fe0d8dbabf0c16b01fef6e6b1a6aec353db9e19ea2dd23894582e8b40509d594887dea6ebd53898bd2378a6500c4b7c"
128,"480193cbda2eb9b80b909330c48f99118d089f40cd475e49e6108192164e7b41ec7457031165de1f64724211033d62094262c0af3e33ca79f3f62334762e9a17"
129,"483c844de7be9c0ce2e9238715fc77dca99b2d08874d374c4432662084a4c69395b14832c0ea7f809f1e44dda7a75d6218f799e4026da3e00039d5e00cfe73fb"
130,"4891459e156617686e8395f07a8c5567bd1739b597bb85070a64235b7118a683b888da398fd045af8b3ddadc0565db4e9f2e929da7e6c569539cecf5f6d08d8d"
131,"48d86ea75d437ff826fd16de0680dc60aa0b555fbac0d917befc802e95cfe49b3c2b516d3bef2e2f6dd62e85ff3b998e0696e7e3534d18d88d5c15774d63ff71"
132,"4918421049c355946b587820e41db48bb8829bbf980b8e535f6014d8035b8a6ccd9dddc229950779ee9bc284878b5c7a9125270c5b19a89ea5b42b5ab8255494"
133,"4949fc7bf8d580e3845d759c76b90ec6b05fedb3c3fc91835fa463fcf6055fee80d2b0050af30303637ac2606006d8fe0c3b1c2f1ceddd5898b5268c25bb2c7b"
134,"496c44b41b0b761159a92ca971c5599f096c986a2a078393bd446bab2a63ff6040e381521008f29353494caa5609deee23332d9d0f565a92e6d9f27df27c20cd"
135,"496fe18e30603503d2a369a66ef307fa1ea82d40d72798f1b24f2b60aa36b8c41e78608b24ead969c33fa6e6bddf7d6965956dcc76eb6d422c19d9cafcec45a8"
136,"4988d8e33c02c915cb65528b2aeee2ef8870c937868eced57b155082b9c1abf8fb724b448ee3d80b93998ab5e036d7eacbae4cc5f54f7755f9a56022957c146b"
137,"49d868c9f376bb4741e1460ea5f282d8b3f5dd3df61ed0569f93aa01d3e5c19c09dd0353f321d665b0711e2d0826e57569accc1f3b7d15576ebec44a1b7c30d2"
138,"4a87dccf78a9bbcfcb2d57016431a7873f81d73a3a1637124f430512b39b34bf0f273118b38dc9391d2de6d16d655c12e90f0cd9ff98bb3b3113dcbf9dde9d34"
139,"4ba0d5f84136e28dda64f23f64bbf2eeb84b4cdb32237219c550213ef489d9a3ec0818d066463907e950235d7e7667060825e1028255e8a3f3d7127e43a04b0e"
140,"4bfc346e25b3ea70fe0c9d01e440f4a11be310f62a21dfb515f72ba482061bbdff75c5cbf9359f5c9e9f398d96b3d3f06da58a94caf21b73b3f1cd2eddc60808"
141,"4cb366ed702cf401e057daf273bfc608f6bffa49b6c59f9aa235e35612812c8e83b993812755a6e6e3d369ebca6e67ea39e779da597e741de8c947c12bc23153"
142,"4ceca1d2324c966f85fc74b2f1d6ef206b6b514800071686645dbc04dd32eaf4aef316aca66af524e5dfbf4db652e3d4b905dd61d8397e50c0a9d068cc5a7dd3"
143,"4d70af7cee7c73113633413e12dd0eb2255a79ca5ab8b7d3d79785a4312d379c6c44761f314db58b11bcff4698146224f4ee00c428e67e7823ca3e0dce79a638"
144,"4df0e3598b884d242bc82948798d1a030cef01142ed8d773c21fbaa7d44604c48ac2fc0bd38fc3c39847c8e66435f4fff6f56834e36d5b3c3e0b8c391db6b054"
145,"4e81d76817767b261bfb764099170444867b04b74e6dba07d0c5f5440ab017f23a62b30a53794486807a8414ded467f09b05eeb8f91e5070a3ab0dac928d1373"
146,"4e96f99870389f8d8b1c88edef93c1e1c722af67bb6c68160bbe025f0a51038708dc57391833fb3a94bd108f0cd3816967ed700a1c959691088972079483ccf5"
147,"4fe40f3de7b097ffb891becb9cd3d5b2418303c1858ae68872f5ec6e4fe5190a9ed7bc3325b2c49deef39f772e2de1919b086b9819c23363031ec85b097fdb49"
148,"5082faed5b1ee03e614dc397a5901b277da2a1282977793f69b7743ca1eb188c1f4c3faff6d80e696f4ad15fe9e5640818b5d1c56052ce81f3c7e3e68c11ec6b"
149,"511888c66d4daf761fe6e33d4a21d45cb0d0f4569541806d2c15b5d10ba4f038b87b0a11ce11229dcdbce21785f23777896dca1fa8633d2f9110f79e09fbc5d2"
150,"512e3a858a84cb201d7ff56bbf2ed99247d81098f33c88e5d597778f117434b01fa2dc02f2c5d15ad0b14b3474fd1d17b6853be7d3268ece72d6d2055234b62d"
151,"514873b3b993ef9a876dd9058a2e80d5a3fe53c0aaa4bef6c6f104b35e9ac2eb649f05609f39d845ab61bfc45adf562603ea3551a8a73ac0bbd9188d73f8d8c1"
152,"51641cb9de7b70cfdaa8acf52d0f4907cd1c3f00580e1871ba26c67490be7b1007f8efd85b15c03d55fad9a02cf6a700bc38dd9f6bb0185449a4b12c085b10a1"
153,"52224478c45ca22ff552d7da2d5ca1000b2442d891ac1f4d1f92145b4bc3aae89708388d36724dc01dc637dc16dda43ab41f8f1e7de0678b9b7ca04cabd3dcf2"
154,"5292dc0d71106d02d0ae157476866611d9f9df8b3d418b4dda4f1e1e518c628d16246cd832d3f4acf44322595d3ebfb0ea6f0a189436a7d523d5d820fdd87991"
155,"53a9b786a367dcf3e1dfe132e681bfbb16180edd66071fde83c977d444b7a681c4257569094cf6793b2a5bc69e635c2afdff676885d7c0227cff40a745401b80"
156,"53ac9724d4837644b9f63fd66f21edcd07e2c677e47ea237875e25603eff9a3345c6eece138c637103b932aef446cdb83d3805d643cc65e2597234c938d8469a"
157,"53e5bc091d411bb4deb773c74d281937cd9310fe2d0d757843a1d23b180f5bb1864195b76ba0aac6f8fc43848c5c013740f926271a8e92e6b6d8e87c3c6b7eae"
158,"53f84a5caa3ab58d826e43a13437e562a5a9381c83fcc4b5764125ba3685656a73a48f1bc5f3c9848f623da48e98b2333c202153e516f1d5926bac5de1696d1c"
159,"557e9087be49b6b38b318168a30045d9e16792d2885f393ae11898995a4d59a75567d37c51d757fe0bb77f3eeedd76727e047dbba7f5619fe57573897216b3fb"
160,"55c1079fe044b92e52de4e806d8c86ef9716a27d405a86c69954b4bc315745dec4e0a7a290adc6438903a7c38640ab6b3ef11879c0f1d73ceb20ec8a3415bbad"
161,"55c8891a284be48c6791265800c874bb8d06c5baa9fd89458c2c0862443c4fabacfb40274199956f9d49d08a885eade8ab01572b6271680dac928bcea9f8806b"
162,"5665a8d6c7770b48370fb56c0dd007b789f10b71a585b3ce60f5ad05e70907e1be9d28d63251832e52be269000d229b4b8b7db8e273a05d17d8e028cea1b0a54"
163,"56e36e0ca9e35fe14ae66b56de1bc8eb30ef9c119a51ea7674a6748b4fbb5344d7755d37f02927c3f31a281b810df545453ad3a9afb4274ddc502a105bc75daf"
164,"5792bb72471acf717f16896c68bda0fbf6b8fd0f5debbf2235262095206bbfbe09509e19da69704a19ba92a0ab0b5060c0ac7654251fea1e0a80006daa213de9"
165,"5860a035d0fd18d4553bf2f59aea6bacd34daa4f3dea34af4c30a6aeab557b5901cc93dfd88bb281c2cf8b508213256a7c3fcdcdfc49033980242602ab70770f"
166,"5bd5a31454a4d84e62609b3da28e62bed945cf541aba15c705980a5e40d3b9e57d2d03605666f8cabd15211a404ccb3403baa6a148b0005ecbab407eea12a2b6"
167,"5c929061b535d7042ef10dd177f8af962759550a8646aefb709d932f0c9a174ecf7d2748cfe2cde8cccc1f55232e0855a0dcd1679ae91473941aea17e04c4430"
168,"5cdcf96f772806248e434b1d9a44311f5d9f15cbbbad46bd40f1b01153bb04798089b408d9b18de19cb347b8c7231844bffaf7739ec212b877e0301d4b23ef4f"
169,"5ce19158bbad2692fe818d78a397f55d1b8ef2193877285f8d1b109a25814602c720f2df134f0934a2146d919ab7a7726736152e469cad329d0f33aeb8287bda"
170,"5ce261053fb159e883a511312765b950f783bf3d17ea8e8a5c459f19dccea1ac4ff983fc293a14894a74c4ec5161e8bb044063ac61ca10878e61814cb04cfd45"
171,"5e7642a68030c7d1de4b731a50a03b5679d034f917ce5db69fe8d3d51f722807aeb41732b17bec93df46ae954b101043252da7f1c98870c21b8c2c10bd677e03"
172,"5f71481d7573870e2a9db90a78f81e68383e25a03add2ba196867b345bf3a4a1124c7d664fc37751a781ab0cb6e207a40cedafc6670c997bd12cd1669ee80a66"
173,"5fd90be9328d1c52800970eb4b2e2556e52088cb80866609a8cf3256849a7d51394e727d135c0bf0ac5a620798c16876138aea4faada77e2dc6ca49b7dd88118"
174,"600a1965b1f5d802abba62134246c09c55280fafc5b71175ef24659d8e0149089fdecaf8fbc86b65544826b03dbaf140766821880c677c6f25bbd5730b4ffbd7"
175,"60c8b43ff9a236eb54f8560da09a7243ba44572aa194bdc5568a8730b70c9920f88f841c89e7fcfb7914615c003359a2281dd3513c442bdb99dcf4532efd72a2"
176,"60cac749af44961bb989c58ca694305e18cff0d5550fa9cd560e31b5fe54ca88f89f88b4fc85b788c3cba44e26ae1a54f893c324dd0e237eb53bb8a9e6aa870a"
177,"61517f0df4257c16fd2d53f19ac4ab9796e04f6828ef0b9cd3e04b1ec0179a270c7fd2e81e8950d4e83c3983fa63c288fd56a5987bca897792ee55d776cc5f0d"
178,"6161fb8e44cee9bc59959492064719591c2be82e31455d4db4c95ad4c6c68efaf118f3976b99d5c3fb635f33fbcea05651db7d6597cd9b54d3ed0a4caeb94354"
179,"616fca932a3836c0cc084d28d9cb11124e3a07d449fb8ad0575ed71a7a856a2d01cf5d4baf1f8acf0ea3a8abd486133378211b4cb996eca1246b321148a5a85d"
180,"62f28964b843661a4d5ed9a867cd97ec9ac93ea7ebb910548c319f385c65de25fa87c13f888ff223bde37fcfe9d0bcd9ec019009830021257a738a9f1c56268d"
181,"630bf818456a8e257d9db94ca3712bbe67eb7ccb1ee7d3fd963be61b77891826c30e9eb2fa3777247dc443a6c45d0f54050729659d6d46df6e47354a01dde0f2"
182,"63fb400734aeac0bb04e3bfea2fea38a77db51ffbfb634a305fbcd1a97199dddcc274de123642c583493b67860e30ec869a561ea49d4d343383afff880a56c04"
183,"64a39d6a917e3058f4e009b07248a5944bf167d39d8f2b9e757ecd38e636262be3d760325efc13763096f4c47d0e9e89fac6ea45305f40e6611f5d8efd99ffd2"
184,"65dbdfcd818eba40b649c99d5506cf4c9f3f545d4ccbf85250d58826d51b30fae3f8aa8b170146c2ce9dab8f766b2a7011636d73cd93fc90ded907ab649c4b69"
185,"6630c127d8efecbd211b8bd185679a80bae6c331b7d669c88fafb69582136f3f89ed9a84da7bebc29409ea2deed3bbb8ee3f0ce71fdc19996d54b12ec5405773"
186,"6786c35f0e80c895e4860a53907ecdcc439d48754c146d0543e0cc3cc38fbeaa74c663f6dbcba25cd509b9de4c259123b55147451e5d5f381c05b8da10707738"
187,"67a63ccb3bf6ec6df436086e4c61efd53b21d480893ed6442ceb77d5b888c5fba97e7cbdef9e96378553ae60184721df63ca2e59a06d6fc3e4df7e0f3ca3d6be"
188,"67be8efc9861191b00b46d32a66b5dcea906c01e123e7e572f4864f7f9c939b27cfdbde61dc9c2bbb331ef1dfc18b61acdac790f973f4a0dc5a30c3103f34900"
189,"68383aea100e514939b5c6569be1c0b41c130a0de240600bfb4364bb99abe4438a4f74d3db704a8a2fb09d81d31ba9fdb9da05a05b38a07d6cc229c8fc96dbb4"
190,"695b6937710aeb542d8c09dd650c5c275280e82d6e617b92b366c4713cf55ffb854e328f304b51f098e743a15cb784aca54dbacefab8674d1d3411d82a7e53d9"
191,"697fdd0a7ac97d0e216d1c80d227e062554cb28c77e4785f28a7a63b10cef4b5123238eba33809590ffa5091d287cd0aa51fbe2c8adcf66d6ec6394186b1a9db"
192,"69d11f55e5b53b89acb92be7b965f20c0e2eb08f86fc486bacad07780f91ed2a154b4e20004234c32660a5db39d4c01bf4368ed1c210972a3c252fedfada8fe1"
193,"6a6421e4b3fa69d269798e5af5fc142969e2f23816c11ea051724b25cef4574f950aaf00791afca4fe87e087fd4cd55be3671416ccbafcfc260067f0e4510a4e"
194,"6b1be1f97ae491920b32c2747d3ad1e365647dd015c28dbe79134db43cf426e35a12d25548b3fbffc2bb81e217a91ce9e27af458a2cdfe3948914f78d224e578"
195,"6c85b5952517828c9525ab059077170ab01c69dcf62cc8b088046788d0b767d217bd47b37d1c8196b9124154b34b786b57e8debc20f1a8810806ac0474d3d0d8"
196,"6c9fdd445bf391be5a10b192d9eb2fee16cefd0ec978d40060b2e086554b73b1c6c9f16a77983d11461b79e8e4547698814f7175e08df0292e5660245486b6e2"
197,"6cbd6e2131ea09117c8b9c59be9ada59dc97f8a3c5ca01be4777ef6a543801a1654d077648434b45139915cd40f90e865e970fc369e673efd74fbf587b492b7e"
198,"6e8f4eb57c67f41e0ab059822347d24b6682e4b4f9e202afc5e01710a0ba072ea1a6bad4ecd24e588f7b384f599bbc2214460356d271e7512b61b9b683b47752"
199,"6ec39a69070da6c2bc96cefc375df1538d7d7394c0ba77b3676db788f17c95005f6de6f1812dd8ef67b4f7af32406bdb24ca888f97c347f85ad718ef4ade1663"
200,"6fcee4d4905126410d5263293ea89c987e04e3cce93278207bd46c4c54d8ed349120b4c2de64e1bbcf925f6907bb4f9ffceb666e886b16d77cf71de02affddaa"
201,"70677d5ee60c5ed57e21d054c878a676b96b72196df707a0543276d455792210dad2408d9d1e82ee92c3a680e11acfc387306bce76cfddf7d721cbf55ebbbb68"
202,"70adea013f2e8825f11e3ba9afcb4dce8f4da25a48caafdd13dfc456872c2030419294a468c944f813c781a3d918d8b205e28a74d2359417e4db3a554a0065c7"
203,"717f918bc95821030a760b7ec8d40befde13b77ddc518656766b828e7a43e4b51e346e17547dba08c8a19d831ba5b74e103fd73430522bc3ada6632f0ca9f93a"
204,"72820e4872d5f33864d1dc03d2f1cb9247056e3ae2aab45719ab25592e595a7e3cece350f0a9679259b853d2d26ffafffe5324ded7b4b549375cc0af87f234ec"
205,"728cac4aee0fb9d9e60ff3a82a55688945d975d07a5b6b639a87e00ecb83d4186ab8dc1ad994b294720362eb015d9b1ed2ff4f43af0e4116677501c299e36644"
206,"7337e0b6ac1e077a64ef3ddda5a265befc1c7fda07a3e44b16a21d9d26aa0928c15d84af0439c1ea338377912241373789e62ba0d9cf2ba0a5746cd9d687ed59"
207,"747f39b468ab615c1ddeb248db12c904c41165b38406d063b8468d8172a034caf374bf82fc6062c575d164306bec135c38ee5784dfc60b85b2d91103e8e69f5f"
208,"749d4da3d1287a8b13daef06bfadc930188c7016ab8d63035f3c68d83f1706e8659318410769ab46af32e751a3e59af5dd5fbe845e215a4d58a2c663a34fc45d"
209,"75d5f8b510f415bad0063a5c636467c09eff59082263268fcef7d1de11d1574ccd7b5fc3efb5fc64a51d50fd70f62843959164645e17070565bd979264794fe8"
210,"75e5afd0cdfd7393b24dc48e668d12d740bfce972f1fcc14d60995e0dd635721a47464cc51ae0880fc1852bce1d96f88821690cb2548d83ceca0d7c1779dfb95"
211,"761e637d2fa424f270f6ea782f089a33e72c2695072ced7590a92951c622af9dfc04a3bc43585fd13b39ffc7882ea89caee70440709ac9e9d3c20746dbaab888"
212,"76f77eff72d23d3ffda4f40a2f1bf294eeca133fd9f380a177c188bc1c0d73064b165f0d9a7706e31fbb1cd6954b8b010b0cef6c9126fab86178b2bdb2b7d17a"
213,"772b77e07f5d542cf95e14e2d7e7350fb3e27ff78b8ae28b2790b590d0520937ca1732502d5f893ed2e7d1c908014e4a383fe4baf639c4f5e2607b35ba356bed"
214,"785f425da028e74c43f5c32bdce6c7222d9944e86f07645edc99512d245a71e8b6ff5955d64ea521bfb2340d042e294d3303f8d1d2d053db3c6cd3b3ff746c4b"
215,"78b67939f2120d68b39a8ad5e8b2a835bb8e59f8c40d178c191d05727d42ce345f6e1c11f6c635a6c604ee555cd7e0877346d2e5cd6e0e7c07ba5f8bfd189d84"
216,"792aa02f28b6dbe2ba7481f49f13495ec339a589c6b988f892c56efc620329a2e4b68acd4001371a3eeaa284cddeb26d9e0e5c0ba601d8e8f5f0322396da5520"
217,"793d8f02188f6fe296233d62ea94becd970493139b9b446024028c6c477fb6725c70b929a2ede399712e1831012fae1c9be6f317cd6e68f2dfb8d96fafac58d9"
218,"797e6aba6bf4efc4fec4a688d4212794026d219aaff4421e091e621f4ad0dc39659116551766c84e8a65f81f82f2bc41ddb5bc3116a34eddeb75bb54dc802497"
219,"7a13806fa1e3d7451f6d1199d5a432fbad371f6f053e044ab0b8664ff6da132f7b4035e372dfdf2652514f59981986effa22b67751f9677a674ad62b2e4b2088"
220,"7a437b5bbac80b2dea12a1a93aa186aeec34bcbf674ae5e305ecd93bd090d798187f137f432f5f69d00891b371b6361f1de46ebe4b6dbce7d5ef8aa0ddce93ec"
221,"7a7b4a1bceb977d9ca6328cce8cc2ce5c2a9aa04df05f721d7ede8c700afa0525208a0212ac2a920a26591cbccf5ea084370ed90fc09ba77ddb7cba26e463826"
222,"7ae3fd135673978a57b32133e0ed63d687701881f2be69fac8d9df5611b0c33fa57a81ccfc22553c8e071ed4442491549b0e21c589476fa6316c8d1b48e56b0d"
223,"7b4fc81630b66496312c3212aa01946a8b906654c682774387ba8d27a53a183dee5c8f0b0e928ff2ad6b55891f312556eb5d2dbf62074f0dee7dda8d19573bdb"
224,"7be9627075fb2dd69df2467c03fd5f5573ea712cf0e906e6a64a03cb62a6fb9ef72e151420284a61684ca5130b471e21822bf6418c5a2b530dc7af0182a33761"
225,"7bf1061677331b730fcd891c80e6b7de1996456948675754902536167ab1c13ebb8e2b95e0c4cc4375881a5cbe8cb8974252899925c2fac8f90a93d00b3ad680"
226,"7c82922751248e389df563dde7ad0ed00f4dcacf57c25b4b6d5f67bae36fad1f7fad31cb93bc24da14a3e9138fc26dc333300856b5735fbc6e2ac873c32c032d"
227,"7c93e8650e457056b8a337e5ff778977a74bea1cb51ae3191a30d95101d681daf29054709fcbda267b0d1704557664520e20a13bf22a41551c5f770b6b351121"
228,"7cce69e8ddecc6d7bdfa37e46944632a4b10a2e851fb69bc6d41790ec190e79b0e3b59152284671a5a4f9951e57d06a91fdf91f4e34942a011a491e0f237a2df"
229,"7d0922c92cbb6407bd745543cb2346444c859a091d6de3f3504cc91a4fd6c6f3de8b2f12aac73cb3861ce38fa672ded1bef2a4f100f2f36b1ae1afe46571bb47"
230,"7d194c0f3fcb7e0e03eea5715776d506b2c68548d1add8ac488de4d53d96a076688f0be2a2a2137224ada19745170336160b5793c40996921482cb9a1a0257f9"
231,"7d23c022daa321b56a988cf5f50e8cb9d33b8e6723ce38aa78bb60b2c65c18a4b94038fbc5bfc012edae0e3ca6f947f37bdda12405865d9667c197a552debd14"
232,"7e3be7aa396fbe4255bb29b56e52129eb19e1e8d2bd56143f380ca27e7debdf19819c91dfd95cbcffca4165470751100b4775efd96842121c49cdd0470abc9cd"
233,"806c1bf41033e19abe97024c20e19e2741c28e0e146abc96852430793dc1bde40317942bc884dbcfd7a9b72d1438f25633daa3d97e50553237817dc9ab3750c3"
234,"829654a5555545606a3fceb15f5dcdf2901a2a3a58c13822b25bf0c401edcc0dee9d569cf1c9d4524901f37b5dc0c8a6e3cdb45cb990cfc5840dc599db6f7e5c"
235,"8532e766b81f87c36861c490db87175dde4b0acad34c5d585728837a4ceb9bbbb528180c7eed3b60a5804f4a9adb80084e056ef055640efcb561b58e002ebeef"
236,"86893b041ab164b6c11767813c0fc1e7886b782a3ea3dd1f3fabb8582acaba06067385c2dbe403974681f0319e28ac19d30a77a000b281aa95365cfd8fd58f16"
237,"86957d32a70d057bfd0bb3ed9ee3069bbf53cef06286f73c0ad344dcd6e21cb175b18baa42f2e42efe678af12650e326c896260fccaed3334d7141597376eb7e"
238,"86d396460c1cf90e1f6ca23a6cbb62bc695eb905f5da1099294ecc3d96fd96281293b7c5859f6a6a8352219dd7c3f0486edeee70dec66eacd6f1d1d71b98511b"
239,"86ffecc69de1df55952ece73c0c4ae816cb81b4ffde0bd90ac0a6804723f9a8b2658e863aab0c2f96fbea0769331f5faec2b1e0d78b0e6a07c8fb00d1b53406f"
240,"875ab693b746a81fa403488c858d5d6636ab3c6433cc7d421aa5cfdf10bef6b39618b7286e879db8383154d547e16896e1e3edf65f2bb0f0095138ef45ac09a3"
241,"87fee854df30ee92a5504250bbe5663d6234c084a760ad3824cae56cda06f9bb3fc337b39318595eb4dd211a7006d40844347f47427393cc419f7e617aa23114"
242,"88119675ea7ef7481ab94da3dbe91978ccda0b9aee0940cbcd74592e72c2193e71dedb418c20a136970bc7a42bdb384691a73751ae0bf5c0813b28febba1f8b2"
243,"8abfe795764aa005482a1911fbb879ca378744a059169cce2411630d8729daca61b9051e5121806cb917059517876ce32733ed2e253928b1d5a3ae80481ffed1"
244,"8ad85de577d76f313d5e26e9dd4a71ecb86d7ac570bd11d2a516f74947068590b0d4801888693672dfe99d1c78de1b201a1f8bc66ef619dc2e7ffaca8603d1ef"
245,"8b4740d220e1c4937addbf6cbc4852312b3d2c3cde4a0f223b614d5c7054410f4ee67499f9b07d1ff919b89a1ba0ccf7e883d9e3ca12ae15cee29131cee83e1d"
246,"8bc8b09d644f9dcd07e18082c9c2ad3b24133ed83eee741b96ed427571ed50ae61271b54dc7ed21d841f519527b9856545fc59463cc6f41f65a94a98cbc49d78"
247,"8c1f0ad6f9f54f27ac4176aacb9294afd3ebdde6e785960eec39abd0a1ef8d8d111ac5e46e1036398cc85b1942ba0115cdd0fb74a10b93f4c78939a27ade5ec7"
248,"8c4d308700f8be6b3ea60147268e22a2e212dab4af659241fff6de783786f9d38cc00133a6da10e4617a39a6e3d25aa11dc115a68ee109908304bd10c2b08a64"
249,"8e35753d84c59b2c141297684ee50913608750bf172523962892c9dccc36fcc4f86a21e42ba91a8fe5f678e92c782558a45458d4178002602c29fbc89addc05f"
250,"8e5f0c752fb7372c47f8f555fc2dbf2ae687f691566fb47459cf1341e184f631dd3e4e89f6486aa0cf06c0cb136f11c1a691993ef0a1fd12fa2d0c4040d60393"
251,"8f6e75b405f468c377ee0dac61378027da12618adb03960bb47fc35cb9882ccc18f0871a56cb81a18f343bd788995b6127f4194ba227276c8a5627d386b109bf"
252,"90ec9e3bd4efbdc99b2f532f8ea060ea307f25b3ac47ebf12103346826426b74bb91834805806c7ac7ae1e3ab741ca85059bf2666db18a630c646b4b751c05ca"
253,"91ef43c77f8318488890397197da0bc334851a54ef2f553e138f5d3d97629e049c93ce358aac12ae206d78f29f7261b508bcda68b81938dcf4047e11787b5fc9"
254,"91f6effa2063e0f622575311deac1d54b59d483e48d4d7ff2e28565ba7b4ce365536cee3c062b6f5cf1dc8825cf611c85d0639d76747bd7d455870ca100e7392"
255,"91fa5d0ed483a00cb8ebf4d14fed6401c15414d5ef58d9bf0b8e369916f4371c0e0302ca4dd6f182d752c25f59c50cc3299ed124050a994a61b55ceecce48897"
256,"945811f41564659b378732dbc7a484cf2ad4b816ecc0b3ee50d4058b0a5a8a822d7a3659a15e62b63e80e6aa323b41f60185185f16af1ceb84bbf329fad4f0fe"
257,"94f5470fe56eb88fbd6d156f037ccfc510441dffa47b1cffc6d3ea7bb7d307a779475a692991f442a3bdf0798f77d7f84d6ad8552228398f77c4e01006c32c52"
258,"95bf607c0106916b6582b75ee01512f4f7544a251787cd67fc8473497b3db312a237c68dbec6f9d5abba9138329e89ed53a68dc48bee6aee3ec4eb6ae7853f9e"
259,"95c1e6854c0513e45e407260a6d4a21291613e0c16ea02a24e1e8209b2362b2a16bdb4d6e99a556cecfb403848e4933725a6f634062ac3e0b849c9751ff37e4e"
260,"961bb1f1eeaab21efb240b0f4d518583d9bafa77073ffea567e90aba82add21d2df01ee0799b3f7f7996d8145b2c9e2ece4299a4c881f522246bf9253bf140b1"
261,"96287ae1694020c9b86541a58396a4b4391f1b8535e14bf5bdaae3cd1ee39531ce3d094983a9f408410d020b064f2fe11741bacd88c0acab3a0f87f5343092a6"
262,"96686133349b73ba9e57e63ae186bfa6098b447bbe0d992d518b66f429bfcbd7626608b1ab91b684816d860049ec8f959f9037361a517a55732956c72aa04ee2"
263,"9682b8f8a34249fc37d7f3799c8c62df11b66124331339646ef49d8888fbbef722659091dabe6432ce4d9652813b4950c3df4c94bbf5f06f1b9397ff65ff9444"
264,"97318dcefea20a73915e7a8192b8cb1ff3795bae3b66a91569ef09008a4c71c31c6aad49b35b55cca5ddb0cf5807ebd186319597fbcfabb0580949a4f4bc7c00"
265,"97eb5ff6117a3d8322bdb979440f5323eef2420778fc100d38deee63ae865de7242f5e533ec5e559e3637fa7283b3640874bd307f1e45b5b61b497c8d13554ae"
266,"97fa0851ee81f5f179f648da8039183d49e2515ccb5308693d098f706cc63f762ea799489829188a891019918178ebb1a5e5d6169148830a26046cdac9e418c2"
267,"986ce1ec0f0acaba6b7e8fd3f1e269700bfef083e678381e37d03e2d0e1c32b7f2933f63b73fed1c2b204c09d96670da4dfbcd2c51976f20d47a297b50a6fbbd"
268,"98971b767f008acbc4fbc61db4e5789faaa11625976919159eb9733c0c12560ecf3dc4d04a9a1b060a016453f252d4864292e81a26e77ae6367258751569dc1c"
269,"992f9408c05e7b3d92211ff0a8fa1888f21782583887f31e4e1c1a3f9da5474fc58a2e09288e64027a7157d9e39030505e13e937c082018f7e084cf8263f1625"
270,"999d94e77cad32bc236379615fac25b1255f11ce89da2fc16e1e00e21800789809a8f14f7018bc682a1dea3632f78e4388e7c3aa67544f288cb4c7643a15dd00"
271,"9a316f9bc671886d25e09ef0c57e72810dfedc12234fdf6a49ebe6a483e324f6d0493136f2a1553d9594121ed48e5d77243dc8b1d4507ffc7448a2e30343c0e1"
272,"9ae4f9d3450d61aed653659ca9d9848930ca1c6d817430e8e97fac137bba749cdcad8da5323f7f502cd7def7e18ee6caa18c06ad95e533230de07fa9f86f87df"
273,"9b9dc8337530d34f9d962ff093b44f9e8b5ef514c8560b23ba0e1fb06c91144831f91eef701fa763ba0d29561fea316a602b737eaa06a75cbc91567a57262916"
274,"9bcc3402bea57413f56ab3e83b225d034e896e195fe46275cb9f546955f5d8938e81c7739fef0b8d37cb108690c03bd6febb3bdabb5c040638fd3a901bac57e9"
275,"9c0941c7e4c60155dec0e994c8243f067894161915509890e94bf397096edbc749dee258c16a4035be71c3cb4426aaf82799fd084876a4575c3b95ff6f180a77"
276,"9c5297f2e0baddf82dbf2fb6b321092a3cda5a7c9797c945386feff58b5d74b6e8e9e8eb732946d7991771c9b13845212f6a69d6adae37a769341ef4bc39b078"
277,"9ca448e9351f94b804f6b5b9b489c58f813841326b83d733d50bdfd08a2a58cb33a58322293451c46a24805d75b98630fe0c417485e43cf85c953deb71db8aa8"
278,"9d04f1b2f6b853e3c04c96195f6cacc07c9c18479da46fdea7ac087fec2ad3c3ff1980c3582873dd87cb32b6ec26348392d49eea8ce2819c96a22c489d1157a9"
279,"9d56aad344533229c08a2d4c1f8ca2673cd6a38c8abde1715f8414695d7f0578cdf9bd75fec0be2aa5b893c9d6a9c7957e1557de73fcf9b99f85b12b4deec4fa"
280,"9d73b45706db1eb1d1b61cd9f32f4f142630c4eba9085dd628c7e25c7adfcbf79ccf45c999452bf1623d4658f51cb2a2016912e24d17292d856b0ec5e63baa65"
281,"9db13a124ed47256eea3b56c4ef5ab8be2107ffda5cf51f307fdbd675e9214a8591254e61ffbc5ef840d1fe8bcf7100305fbbad751903fc89f8e498141031d22"
282,"9e244919d2a3dcc9ce89bc53ec1fd6e23d692635747658be9a184f7372a7680aef26aab3578cf8c72fe1f07b8a2bbd1c86b156c653ac5c73e8954f39a77ce667"
283,"9f288868803fa3dd6de1b9aa8a1e11425dab4331f43730e66f9c00bd3b193abc3d99d3634a90a55eefbaa391ba01213ee5e88af52fe3bfeed8fefc6d8a873ea5"
284,"a0053d6fea09cad5fa0799f4617eaf11762496e4e75ea12a27b855b12e3ee541e807b84ecb66ee8fad4de5c2fe9bd27763f7306400fc80c2293f8b6782e1a98e"
285,"a0cd0d2e48ae51af21336d3ce1ab856906f54eecf4b4c9ca6e1a8e71c627946fd8ff9140f2a844cd4b9318455c93263723ecdd4689cd998885d69df1248fe2e4"
286,"a0fd94ed627fa2b37c15d0ddee58e42d01eb70610217218dfe6ef0a3074c2d638c52ee037609f6f14b68b880d7e1c62545eca4d099b7c08e2ee667f9fd00ee3d"
287,"a1b0f81f9554a4f371cef68444b7fba4b0d5194031a1f8640db359e05d1d2a922576b126cd88ce4fe6fdc0dda2f44ef7d7905de1a23a80ce8358dbf3845eb63f"
288,"a3eb2e0fa49486213144f1aad3efe6cdcd3529ef7229fe505c74fb013cf9ea7e1340f89267af0c8e498360f9b91242c1c7d043c834f87e34eabf7abb062917d6"
289,"a4c432e3e7d36f0e81ae1011bcb58f3d22d7ac685991ffe3a723818bcc8d9f076b226f19d5228fe4346726ae68e4ab548dec3038b65b229edd2867c8a17a3f0e"
290,"a522966dc76b7eef5ebdf06cef659a2640df4283ffedbd51cfff2dd5651d09f8c3d531031fa29724faffde44632dd2c84c417a6cd98602f44709212fb27b20ba"
291,"a542ded358eb6d8a9806da383dbe7adae4306f651305ee949b672dc4b8defa7549ebec951ce0b94382f320b8d8ff5bcbecacb0d36b3f93a2fed140fd9dae2584"
292,"a5fe40a9dd9c76947b6357303427f11a27b2f9a7a319ea4551d25d7e15f8effdc06a6b07440550a0266c1ccb60c82fb4187222261be74753a0c5f2b0db161076"
293,"a6567f0f2852bb8d5dadb94f369be3e41811c2a86eb7d70b03935012c6e4b799b8fbf947883a6d598f6a5baa4d310fa7765ff976b861859529fe1dd0697e6f06"
294,"a767d490c956c517698a64277524a0d6e9fc58e04ab415267a2b85087a5867720f5e4da7060ca6e648355913039105aabe361c59a8efd562a15b06fa88a82f26"
295,"a7989ac5f38e604d2ae7a541078dd838e8fba0e113359c51d4314fec40d8c075d19a17e1ee8130243d8be92000be3a73f8cad2d291b4095b94d5f02e98b39710"
296,"a8000da50ff9863aa416c0ccfc3180bd54e035f28c72e8b7fb178b3c2365fb1cb396e89ee071d659b7c6e86e7b4ee13d78c656013b95608ef9fd1fcdfeb34c0d"
297,"a86617ca366b604f51030ee79a2d8e08b0c3b50106b760b62677494b2763d5e6b6b0a61cb5376a65282aeaa75f5b728c7b4a053667f43fc425470b77e4a4948e"
298,"a99057e703bfc40806a2877419583162817b219f42710d145709c264258fd9d43fe88cf62eddc8a5e50e919a7c347c2316282be69cb38766da1aa3d8ad62e318"
299,"a99bf1d7476be965b7f6f5811a13be72164bb8df333fa04a3b72f9ed836c03a311bf100005e1b6a86ee8056981128795f0d306b7c14c76af2805a94f84fdadc3"
300,"a9b0c3d9591ea24ba3e5bb72bb98e99f41f586212319b01fba77d62e771165a7f1b21fa31a48637eb59cc998e648627faf4ba68caafd0cf54d4b7c515803dc2c"
301,"a9c4e7f629f08f2617a6dfa3cbccb1976f593764a8bc0219238576a39eedf21c1b5b6ffab11c771b39f4eeb5c674cacacc60489f69c40f25243382dabcea2bf0"
302,"a9eea083a4c67929f5fe11cf5027ed80728bf2266e05c03fa6c08c00cc6471ae8c74e35b9843d3848f18872e6891772471ddae8c4010c0d92b2a6eae3f3049da"
303,"aa3940709eb919433a0f796835d16cab12c835c8626cd503159b1dd9acaa85bd64d68f764fc0e06c1a162d24f0301183c59950f91056625325b8ddbb351a4f93"
304,"aab4932b9fcf41f67951f60cacceb0c3550486426ca6835f40b2c0c8ef6f3c08a1e5cc2350a172715170720ea07526e317f6799a324a26784147a4443983b04c"
305,"aabc4e03f453ab5cbeeeea961ebc331dd0616d3038f2e043e1bb55fcfdbde3756ca1ac4b46b3f9b795f3a150922c4d372bdb85b62135f1da0ce9537391fc781d"
306,"ab5bb5325184e5712a36c21a950aee96ea6876171ed261dc1e37ab90bfa490066852dd14b25a2166ae8f62af2543b158be6d6595effb9b36643a9818c03682be"
307,"ab8d94b4fef0a5d38ddc9d52fc184a315cd69f6eac6a127f65057f8dabaf4127fbcb759e05f99428b034eef349eec302a761646bb145955480e7e27d2cf37c54"
308,"ad5125b0c42ea198c1bc70455a37a93193051361301a51299be945bc2137401a8ce6208d6a6d5f6a605bbd2e5405ff67789dc202abce1bac65e313c46c78c650"
309,"ae2f360c0e3e86cf71a1118ab19be18ad9e5e140fbc0df19342f30bc070a38b4f4db183d03aff7bcd0b58b22dcf11bc6fd48e1ab63168831d03ea356a46d0181"
310,"af6e6bd0bf88bd62a2d085f3aa18241b83900354b3e2d15f87a431a5641ef58df9f71930ba205115949403db2f8af749d165e7929d5097ff93a14ddfffc38d9e"
311,"b0820633845126bc60e537a903bd901687f0ea8a8d3deb67086be56e2a2beaa578b3f629020d3b01a04c0dfdf75fc50c05ce3074e49a7fd20d0c558759db4ca7"
312,"b1cfd171e353ecaaad794f645450717b83d57e46b1d7749de41c995c93aec5aa213552fc503de60d51f92dce3741f91dd37e098842f57fedceedbf0137db5f97"
313,"b286dab229dbdf682eab1986bee54e1f5cfa3ebfe7a1c3d77d016522e9305231e5dc0a9eaff9eb0320cb9728647dbc10c77b18c4a1618df64177223baaf9c98c"
314,"b40521ca63258c893a4db47e6dfbd281f073bc97d69d40a66077545f0f79359891d01db2233b84fed0c3957babf707aa1b43ad0d34db56008978b547faf6e8b8"
315,"b44ee1aa6ccec81fd060cd6321ce1779a99c5280c75294c78a5da49b79021e2ce7a5dab985175fa8b79973763ab7f882278bcd1c1beb6f500ed910b9fe8279b6"
316,"b4a3f52d2fdb2050b2dd69a2ddd4ef577fb6b56a49829228094323f0cf007621182e48535d2c5fd0a617441455c02fdd629272ffc03dd965f855f4f1e4cfcd28"
317,"b4e25adc9e191ff7b29a222d521cc8235a0e2d2f99329784e89b99c0c0c30127c7795d33131e406be83d78aff95a75e4953b8f9c86ee8b242dfa84aeee368315"
318,"b4fb019171846ed3c726feae1e5dd246a734ac204854e4f8dedc413cdfcc007df9ef625adc12dff07c01a6352aebc4e2b23a8e54398fe63c39f1d6a9aa6a6f9f"
319,"b54ab40a89acfd5b684bf91fdd15e5b2804889a33665966fdf5fd0870972bc437df48956bec2a7b83a741248f6d09256aa9a9a42b80bc7c6f135acb1710d3bd3"
320,"b7b9208ec3c11342c4cc830807632dd1a886a1cfbaa55c3719a1ce646c04291bf7e47f79fcee149bd636a60e017c0782e5d07ce4c3f6d76adf6edccda0ff7b41"
321,"b89cf9d47b75f8e459ab45f5fa758ffc2106214f21daab0a7c579a563c2b2c01753eac2b655ba4eb347fbfaaf52d88d3fdff337742f18a914e4b7b2a700b4947"
322,"b9099e6819ce98ee3fb4d1ead41989d92918b14f5289164f4f43980055cc4afb2611eaf16c89b50b07f2706c3d660274f6fb4ae89e7a308d15eba1f74a68d371"
323,"b9c6e69ced2f287e98c3187b6de979b0d5554612fa321e841b4f66356ae26ffb2468acd6aa6fc8f1ec4ef6a86d2eca186ce63760a9f9668958e1b531141debd7"
324,"ba37cf8f267fe66fa4f9f895d2099a4fbeefa8a2562a286c8bdbe2f651d9b21c2fa82f685f55076a5b74218ec76ac5b036bc6ebf0c0c468e44d6a76385be735f"
325,"bcb63cde61cc57225794e457ced7028b9e951d6d0f7bde896670fe3437d169d59b642a85e50c4f83c17cf687433d92b06cc76899f572e4e8c1c3e3910a121169"
326,"bcced8caa34c6b633f142508e7beffd1107ac90088679096716bf7ddc3f3081999405f7380ff4dd6395dcf56a8a1316c79413fce6688f3d31db34ed58eef4f99"
327,"bd33667e44dca87192c57789e5c84df726b0ee9ae1ce661831f03ab61f8a5ecd1657ec83cbd51c3a458325963d2579a4550607270cf6988ff5902afc74a1a957"
328,"bd349d1eb6a174605595b2d7a9c4a231604fca0ca4c2e13fa5f3f047316b37b4c8da1acfc5f788cd04029392c0b71e75da1131f2f67d612d04f9757d7fbf83db"
329,"bd42d53b05fd89a45640bc1de5b69cd0ee65c7b7116bd52210ebaf596ea8eb31d97f2a34fa84822c01646660aef7cf9f60a5899d71f4cbaad46e1d693aeea840"
330,"bd59bf54fe903c0e796907b0488a5385a9fd22b068540b76a99b0ab1343c8f38b901e6c6467da13f8bffe45a12fe7ad236ca7f7fbbed5169fa47bcf0095f1964"
331,"be5ee2b247a2a6a0af60e3b94a698c852c91d36e17c8fc49076f894472f19251e16629a114e37963cecdcafd5a137d8c0f3271353257a04198f53c4527b650f4"
332,"beabc99190be43bccfdc49350a1045f041ad0540549af32a51ecbac8c71c85731fde00edb06e618a319fb9117d2589c43cb15b8ec0a8fe742419407ff6ff0da7"
333,"bf348fb62819b67c21546c275d8ac3b018bb479c3b5b69a31b80e21881ba89695366c342680f9ea08237023e9a26e0fe5fea3e2c8e6b6740e87fab47dbaf3e6c"
334,"bfa1246cc149c9ce49f165af025855557faed895fbaed7d66ac8634d1b20814e754c7e5078de13868c0e7e972cd60cd1e4fd5af2fe1d316ab801fa223f46dcec"
335,"bfbd131e07ab0c09b6051e1905c2c2f6b90a4b912152cc4719519385930de853ad3beb3f2846b7af6a570e842fe1f6ac42bd945eca356ce629d944964de1c8b8"
336,"c05d1354640e0e34ad1c73402b69a46e73bde6f94a5ea70f046fb35af6f84abc9ce79a1caea1b936695b901709e31b70cbf22dcac174492879747d43e3681df5"
337,"c14a8a50836f5b515849ee715cc164790a2dbd6ed5fb713979bcfc60a99cd04d0d1ef81ff197854422d6a60176381b5bb7989e19a367aa942e00a8028f0e5418"
338,"c17cc42240ea8a216fc205ba991ef5b9afc6d39bf5fb9ba1dfe38cacab4e9cd79c92a44b72713532050025f2ce93b249e4bc2df9ff37eb5368ced1790c023278"
339,"c18f37373e37bb36ea176aa3e9f5efb346af78b289907d0b3f84ca0bb998287c2134506f54e99fee852b777b917cfff4973437ae0a3a2ba6abbd4f560a4dbf42"
340,"c1fcb7316c085c993f2ff2fb98ce93bffb2e8529f41b6fb11935b6f5678b1447144c53731deac1528e2ffadc0927898c1cd90e4f19537ca8be454166ddb2f0a0"
341,"c20ee7e92e9909f63a32203712ffb04b4d909573cf08ec6ae7a5c33b41b5fa2e673ee55a37fd7557cf74ebfe05570d94e9bed3798c7b31c0f82a30f3be36d29c"
342,"c21a0505878ecbd8add3452d07d3e89dd78283be01ab6fa3a8a51feb651a4607af8f0da7f413bb5764fdff5b2d731e9bf56a3b3f3cb1bee0008f56005ea697b4"
343,"c4ccc16c8f4e27e15b6dd9c65fbace81d2d6eaf71fe70158d0e9ecc985390fe042caf7a7d360551eb8f8606675d311d4089af33d053f17028d948488c1876abd"
344,"c4e22831a22f090ce5039db237c594437a655c826ed56892cf39fc0f2a407f3d82e969ff152d9298997e80b96889005fc25dad8f667c8e333631e8121523d084"
345,"c4ec06cf40b3dadcfb42c356e015b53d9b4abfdd408ab03765853c52bc70f7952a06229888f72d215776abeec63cd0366dd96b13683bd692d24c1f2f020226f2"
346,"c5d3bcf193d7227601e56ee0fd1886283fc26c16fc6dae0bb7ab48da297552cf6104253ff45f9b5acac2541f6d24e16cb6ffcb208385a6908d778f82181cb6d0"
347,"c6c780a223dc3041aaf9ce3cabbb0672dcbce594e8a9f4ce01631b6c32afe9d560c5fe0e59a107c63843b0936fd3d3296496031db10fffd89dc2350daf415eea"
348,"c757b5342bf4fd98f5cd35d0a5d9078e9b9e8afd379ccc22cf179ecd5a5fdec6c66a8c66e92b522a65f7bf7683c7db73d4e18294ffb057e2e9bc68ca654a7367"
349,"ca15a7449d0a689d19e37cab019c7b3122b7768181dda8da647c5e2890af10ce456dd3450f251be1a88d98124b407f89ac29464eae4f404781084f66facfe49b"
350,"ca481ed1bbcc78146672110cffbb3cd6ec769faa60fc293858fa44405616579c46e4fc057c81e1167b538ba5db11de63c729142f99df251057b35edc12648db3"
351,"cb9bc5c50e46d3f7fbd9b8e1346e5267895422cf6d32fd528802a35b2a04241b61ea217e65027251a57e91e889f5d84930554a70a6aa421950f0116a64b74129"
352,"cbc784e94e89fdcf34e0bfcb856f82624badcf617c2d552fdb6f3d6e792ed17f4cdcd3faca4baca31cf620f089dfde4acebfcbf5627b1eaf0cb82f14f98e7fa5"
353,"cc9d038f399304d40cf665b3da19cfba106bbbdac8cb37c958eec05cc2ca88cf6af5ab381a718a66e114ebb773b42121e17f2396197b93fbf591b1a10d321cd6"
354,"ccfbee38aefa318452e7a917ac9fe02aaa9fcadc92438015dc2e254a9bacf337cf66e2464ab0ade71de0a649644e31bbe7554f3c419061c9d3d4f9a411f2547c"
355,"cd1d7725497b0c2ff8fc9308220f0305590bf74d8990e68eb508bd7649e7f99d8d72d486e9591af841851cdf0ebaddaa59e6a687b8893214fecf68864212c123"
356,"cd2c824a4ea0f236d6cd5c49b7a6047764c9cf864e58ad002d922776775e8dbde930189b89aa154f5f9397008cb8099458cfa80213e537558bb5b1011571077c"
357,"ce2a919304955867a7ecf91ee3e650a186fe8e4d3107e110c428473c018dd2ca095330897a18022d19835984e0b73d457a2fd67329bbfc967f9a162aa326fe56"
358,"ce9c31838882da44be2ac1565a8d45b073b11b4b59ee39b45cd7b24a70c884bda642134cc3500479488323a050c8d3cc98f0a872fdfcf4aaf22aaddcf18a86e1"
359,"cf2ee31399fc1f6b03bb19555ac7969175755719a2738b03e2e848a031851b0168912c281e72b8bf83865b40ef042bf2faa45832961a333505602517bc24c406"
360,"cf3174bdc25183a8e1cb561331f1f38cb0fdfc579032c542380667c930eeef062a68c9cc112339797f42845fdc6173e2c225e602da4a9ccf99955a1b15249c85"
361,"cfe58ba8cb12671ab06ae454d25410fe572c2371ef8146dff6747036896a07ad2ea33da96219681c5acad3aea7bfc57eb8a1588d43494d71ae78f07ed25b0664"
362,"cff88e71284cc44e72d41bfd6c9638feaafdbb09e8b164249af8d08e1482e52e2d62f7ff6f17ca884e09f45286c13f84c1a28475089966ccd0b8cb673dd1638e"
363,"d0e6741f788b905fc6e3a27a38568ea0a7d1b6295d8fdd0a3c3ce47860d902e3724dbd3ca3b743823989fed7a0e060b85a6c0bcc2bb10e1f473c48e76f7a7226"
364,"d159c30e2f2ce951d1e17d6e6f2e5058af65ce54ae66d5bbe6fd071573082b9120f6024d2f431d27aa10b74f6b96c0a982d2a21d0bf5b43fd707372b8671416e"
365,"d20b114f613604c886ea1d722aa64cb2c8e253c4cc307484235100bbcc447bd325313fa9c2a4207205e952c41fc3d0c8fe4940c3405f0b9fa23e5eb349283750"
366,"d2be934a102e3a81e56ee131dd6dc4d94b539e31ae5756ab44f7744004c7ce86fe0d0e7efacf60aa4260fbd94a33e87d8b41ad458db64d7f349dfb96d3b09623"
367,"d352745f7ccf38951fd5680546a96f9ec9cdf734f501e5059f8fae7221a1935036133371f017109d07d0d167e2749d128f2e367c0fefeeb5682a0c07b21ff636"
368,"d4877ba37957a1f27fceeea9332e6b7914487e415dcf927bcf130eb14faf63476792b402f072440c00a7a497a7525749a1b7e915d1d8f4f8662b494ecc59a75a"
369,"d692d8372422aba9435a26cd599882cbae867bedf0faa43c2834d7bfc3637c2c4a1fd3b412710cc6782a58e3545a3623068d70a4462af6171694976ce68c5516"
370,"d69622fa64d01b9fdaed420616fd3c842db35fc93a4c9a8de4dd91292c631604cd3b09ed8ee4ae28a2869d4de38da831303e3c6eb616941b58c57e9a9bfec585"
371,"d6c08668f923dcbb34c82ff01d97668a43e4dab1db3218af7b59b0f5f0b95d2fb4c877dabe5d4a6790ac667c71f9ae95327fec4bfb5ff9c31228922d15f0e773"
372,"d797552ba6bde30478902ccbd3641156396d64c15b92e3aa7f8e1c7d30bc91732bcadd2d26c7a58abef68c588b196098e1cc49ff5d1665fdec285000af4d2c91"
373,"d836a710d06e60a41b44ed0131ebcb01445a39e98ac70348a1244d8b0bf7ad4f38e104a84d14fd4b27de16d312a1126301876acddc21368af17a52bc60c372c5"
374,"d87fca82bd6f1e4d3eaa0aba7eda4e4fd3ff79cff7279e95d201f040505562c036cb808a4f5ef1f615182f8caefdb62c396a9a4a8c9d9f74d8b5e9bce94a6c8e"
375,"d8d095e46452560179af249e3f735293785909ed82c1b9e69b720fd3648667ee8c95fc6e37fb96fc9c79081a82b17831a8bba8bd57215e5618b318326b8f3e7b"
376,"d95661beaf1f2ff5851b8a121efd71261fa148f44c4daa822a4c9155d00cd46e4b3470dd0f3769a2cf7f38190fa3578c0d71ebd932bca0cafc95221a087234a5"
377,"d9640d9032e7cc321a39e5530596c0408dff178e29a4418f28b694c2de5d0dc7154180cfb54b7beec44da88e045bd3a552c09fad250420513186addd2fc140ec"
378,"d98d04ed172aa86a197543b229498da506653a397e87767d4495c4ebabf21034880a96c6d1509e91dfe8f097edaafb48090086ec614fbcb4a62a9df1c822afce"
379,"d9e33666cfa3f8836c9af2968ff48308646412be6f367981cc32bb939668ef35e3e515d7d756b0cc87ba78564757e6da5bcafeb4be2368059f40691f491f11b1"
380,"d9f139fc8a4ae67c79bf394106a21d2818fef3f3c38be4621275c47ba48375bd9a511ed4c4604301366ca5c6eac9a76f9143215e537f7ced8873fbd5e6556c5a"
381,"da90733ecc6f68044bfb91188b6ad43de6c4faf094dd400e64e317a22eb82a927606de8088d0c234055cad470de5ce37a7b6389f32e49a60a80e10375be18cc1"
382,"daa38d3c2664187ec30f1e85ee9a00e6864f3168d1c6e6d6de06f482a0aedacbfcb4b7e4721c559df32d72c48b6e46a39d86744e7a67ac1e45b01cd9b6df5ea0"
383,"daa73f255a1b2e73e5f8367368ad9fe5d7cfe3bc8d9751b82d863265219ce5313455d66db0eba693bb6aab695185eb3d2ece4ab5c80868c22ecdfc40544095d1"
384,"daaf20b8809ef21882e995686221889cccfda3a1b089899cc4218f0588e7fdea699405198a2255b676076e3470dac536aa61cb33e006c80c3d13fb567f5a8cfa"
385,"dca7ae951d2f5da99411610361557ffa76851e4b983aaee8ad006d7c658f849e02a1b4483e0494205683f859353874ee9918d751e4b9aa0b60c79f69829d960a"
386,"de13947039805841100d1256bf2613712dfd5af364154bba6f8774d5b28ef82191b6c4ff30047b366fdffaea0801da17b8c1c09144a44ac1bc060fa1d55aa3d1"
387,"df1531c70a1d8b3fd7ce2b04e2b0583dd8b41a1147435ed5fdf904b69d5c23d8221b05e0a609c4807319d030c8b5f70e54da66bad1bedf77cbf413c693c9f01a"
388,"e139f21238283c50571ddf5dfd15d170c3a09310a95788157b29f7d26f210e71790a8177d14ff3fdffc9f0bd1bb1391fff4a93c49e78853a80a935c69666b771"
389,"e152a78b88ae48aa0420a9885533321bcb850e4f8a947ba345105b24275297eca09ce4d2802fe8b5e9ca4eb0c38e0c17af64ed5514018b1589a9ea4aaf991088"
390,"e21a06c5d1c59c9341c421ca47f04e82d53828c6c3da9aed085f4d1cff9d5a471a827b15e7c8a0d0695f9ff33086ea2f9591bbfd78cbcf0f269f46069b1c1393"
391,"e2b1d08097b2cd3dc996186f28dd9249224bb41453af2073fe942a468f2cddc36b7bd30421045616d5e4a36fad5968cbfcab0272ce0af78ca1edcaed44d8cd86"
392,"e323932f57dce692ce51ed580bfb20347e46a9e67c9e567de203ecf2cbd2611673147baa3cbb5cb1c960eca4a9dd85a05d8111534dc5e4cf94e49e50c9164bca"
393,"e367e4f09c8eab7bf0e1540c910947055c816ba02ab28372c3f0fba030a4f34bec34b46220d1a47cf5aa2cd33f8037262aba04e6a329cd2ac7c48b712a5f2b90"
394,"e36d0422ac66b8c599b0df20deb6c59c8cca3bbbbe28b2ac2fc3644f33a043e8a24859b4d12584516adfa80b7593ca231e77648507ae4789e5a2063b9a0ed8d7"
395,"e5bf6ecc6100e73741221989f33c35fb36b16c6807978381cbd4000b0aacf5dd7d4f431afd9cc133b20b2e73f6f9fa6e511b7e72da35ef6cdecaf83f927c5eb3"
396,"e76a94696a56fc10a33dd193ab99d4f46c03c10170c9b1de2142722c238708fafcc05fc574970ca06f6e809d1f4db7c45206f9f68c9b21ea4eb9f7ba46e5ed92"
397,"e8f63af96b8cef2992861edb8fa269c4a56903ac687e295227c36a17519d0174970dff25c69095b1b3fc6e1dec657901956295facdecfd0bc23e5a34063c5d9b"
398,"e90d07400d0fd3a6f2be60a5f236c751afb56f658be7c10f048fa892fa626c05c3474906ba0e8473263e9fae4fe7e59b16331b60825a14eeb18ca6c0945f6d0e"
399,"e93f31c1b505860543bfc2fdb9914aa74845bad8b4890fdbfd0151e939c25fd72777a92bc163dd35fb79a7f37cc55d569448f2dd2d81a4aeec8bd9cd9b472a54"
400,"e960d17b8c6071e00879f56669e17e76634fea8cb36f8d2276b940afa8dd54f891911ba698aedf659e3e8bf25b8ca18f229353d0b6a59d11e26b83466a974456"
401,"e9ad28d5c1122dd05585e82bde9fcb30e7635b87b0ec55ad74580048c5fd90d2fd347e20c68b2d52d049bf24c34e72717c9477689cb1286405e21d42293ec14c"
402,"e9ce6d6a1ce744759a27648adf7a7fb4eae543731342bd3f2266306e13800c780eda702df5f78c441f76d36ec49792f68259d7110fb382be90f7d8180eb0dbd9"
403,"e9e78eb4c130d2152a469fcdcde99e9a18f95d4cf2e733801ff05861d5184437b68c4585b1b148a20cb71636a856472d2792295db343c1688304525ee7cca9ba"
404,"ea0b2b1c3f9d6300063a20af56108c434cd07c3ff614749269a05d7280398a7fb28b2a8700cf5c9af4241354c4c548d95cbf6f3029e78393516f72e51c94b170"
405,"ea1b4db33f5d03e6bee255c092b60f56a9981fb09b330bc64b8494eec7ae284d3e454c3083416f2144c12cc507bfa54cfa290349461ef91b39f974a81193be5c"
406,"ea2b7616c7b9b57210357ea8209e1caeab0e0a029a4e24535e02b596f68fbd83fb2d38d27f6a8b28b48e39886ffa4ac1c14308b02c9050ce583dcbfe0d591c45"
407,"ea78cca2e4263e6a43fb76cc102d560017e6976255a167d8ec279738d26be1d8ca822cc7da134705d80389138a3dcfd8dd4a26c286838908a7e3a2e042db6266"
408,"ebecde411b184b3354144bd2891598fdb17c0f1d88477d1b7a282447a62ea7a599c46360b91198c694697d626ad91f02f1b159253a186f570a07077247b6ee84"
409,"ec383842304018f196712b1604a26aa763a7fe012ff1e935fabc2a463535c26de0772e40e877ebc00ee535b6ed49a3d170d04d687faca81f48f012775946772d"
410,"ec4fa4d40bc67d2ba1edb17f46bb5ea9035bd56936f0f86e4ad225cbbe991b95261c1c0f4b0a72ad9b67170b9caf8932ae6b654755dfc51722c1f791391b4cdc"
411,"ecb0ee2a47e023d1bce4313e17d7679af9df053d4da6b24cfe3b9882b7498e838ee40e8bf546ed5621d8771731e4cf6364dd3c08b98f39d82c53b4be46f696c0"
412,"ed22ec6b0e5fad89062f6828ce91988b0386104640a2b3c32cde9ab066438d43533089513e0561d5e4a0ee0acc2f474f1c23e5c13194e3057167e1664575a991"
413,"ed251dffe48222353e18c102fed3f8b29b6934086fb40e0cfb953734e7b29deb628bef34297d21252c4fdc06ca9e7960c4724d60dcf6ae071af247777b0f3a95"
414,"ed6c8c38b35a6b2ddd3ad2559422a028189a03e526b17d85812229289ff6ac108ffd1fdc78000c10f0a3b18fa281ac8e1526262f32e98427a183d5e9bd44bf79"
415,"edcd94f70e8ffd08a9789a19c62448f6f08a5eb299d8c6ad9337d410e3a9c1cc6679cf29ac55d7515420b2b34ace4b721576655ae9e74302fe436d6df6b2993d"
416,"ee237a553dcab5f409ddf24825d431fe7c2a603973da033f33d496427879556d446b4fbc910d9fdec07923960f418b8e5c9f0c98dcef3afdf51fae7ec2d9778a"
417,"ee954f6644bfdaacad07871b76e9f4a11520a431c5bbcab4b1b75c7bc4d3fd7087304038d7b78ec877f20e59884edd510ac31cf4224104b7923561b55ad6cc90"
418,"ef306da030a168564a8560db8fe72323a0d5dfb60bb866db0533a1e7cf81482ce2d8c0d94180d6be73d8242aec54e05bcb96773707e47ea29c9d6045b7428ad4"
419,"efb68b710146f07023222fa86ea905a1269271724fe09be8eb27c49a81f3eb5a00cc3a55375cd1493c37b98276150023d78a1cc8f6ebe63d5df503906309b21b"
420,"f05fa4d12c29b54b635db7d3c8b0f0b601a15e34848ed63b3e8843144e069ed62419e1d8ebb078d4f571e2a8e888c39777fd83198e2bd67277e99f0eeb5d1624"
421,"f05fc9c931082a96aeef440ae493d5326a1ece546a38c996db92cf9dd4eff918ae0da27e24b1bfbdf1bdaddab3c566165e5eb666e18a97689e03011a596cacaf"
422,"f11469afb7eaf8dde34727f5e13c75ef6ac4c7566ec9dcaee491513ed601184fdf5ed1283842e3aff594cbe81fbdf632475a89f46abf1d0b4ed5791bf61104fa"
423,"f1558292d6f96010f3f0bbecdb3dfc5e0ce1814c166f68050e2e8b767da3aafceb8d6f7c2164316fd8ecd779e2351f9f73df2cbb1dd2a2a9518d0202ddf07a87"
424,"f19bf1d6daf97455ddc445f6d240e1c722366b0b59d4c433417b428b95a66f68c4636fbf43073a7370f677f2492800f088285d19acc0c6ce3058ddd95e45ab8c"
425,"f1ee9ee89846cb7c4079f0bccb9894cad58e3436ec51897b2a18631ce571917693ab24ee30d58db9f2c4996b2a08b693340a7eee8276c019b04c67bedfa3a06c"
426,"f25b5a5c88a121a753d470baaec6b560956afca52afe9cdfc938cc1fcfdc71792c1c95ffee04e0fc6b432acc75c76f6ac4bf093ea1e2842b1e3cf611b734e954"
427,"f44cf4a383d0de04d86ec2fe9a07224fea5e35753389f69c35ce136b28f8cc61fc5ec9d2bef00a977d33b37345fb07a63d40383617163e9e927c38a2e0fe9760"
428,"f4fb7d35b517a840ab7b53ffcd6600e8921d10efe8e01b76d8e570db9c7e9316e8b31cd8767dcabcc215916416d09f7e0d908f44cacea42beccd8cdc302c496b"
429,"f5a0b753837a59960a2cea05bfd231090187902895d2701423bc08584791e0bfaf1e85ec011779fae6f03ea2e4fc35270a8f6d75d87028c205692d92e9e5d4ad"
430,"f62d6218a575d182b276a9ec025ebacc0894af8a0fcd680d0baf7a63e42f0b69e287fbe0335469df4c7afdce2afd5d1129718cf60fc8ed8a5f910eaf49824c42"
431,"f6aad2a05f58a8167677797e4fcfa49b004e7bc488dee032c1c0e7676b9589544758168543618a540c73931f7fb9873a6b924f3a425b204430b342984036b993"
432,"f6d01144d13e8d84c37765bacfcef5afe858bf97e1341620860c1d2ba83408b7d74a9ac9cd9ae3946d790324caf9c99f54f88aa9908dc0ec028a7d28d4123a0b"
433,"f80fdcb0d269e0581873ebbe7afc43f966338b8e8e70c8a6d831b421ef06ba5bc5700c1c83479b83d350497704d26264d789b27176f22714d6e16e65bb4d747b"
434,"f97f98ca69ee00ac366d585b0763937ce8aa37388335c8cac66a23b5f61d661eb5aebd6c24bb0665a8b77370817c756b848bafa18cfb08597788e5b717496c89"
435,"f9840dd2100607cc9d51561a53ff1c21845fa5c230b987cca559c1a065fffb1589df70bfbd7c9d5791defff3f7b9ea4775a0fc1876265d07df7a1b703a441c58"
436,"fb013d58637bbcf65cc9ffbff4fc6ea73439210660f01ffa25f8730a4069dbd63e00fc5cbd60caac3b8fdf0cb4998f04adf06d46e2ba7c045aebfd33eeef74b5"
437,"fb73374a61667bed0a925a697a560e6e331ff620f05b0694a46420f38ed16b3b65c3a5b84aeb1b10d76d9142b28b8f98c5d50e2f0a98d3dd8bc790cd9b6a291f"
438,"fbead8ea5f92dba51b74148287684ae9d6f5bcc8905d2382c41acd2a089ce73059ce8136eb3c6bb38eaacc1375c238007ac814b0457e2a57f7a271b786829a07"
439,"fc001895ff2e0df2d1c991c6fff9960baa15efb5f09ad6d381934795a4eb4668ecc624cc869b7c3a84267ea2e44d8636aa4c45ab83d4073d2e398c72e4fb64f1"
440,"fca94488fbe4580e044d41fe9728f45c6d83b2da96b3f3e24004e6002ce1ecfeed8b6402c835c62ea57de624d9d08b4054d0e5640a94403dc8b2936c9e45c0a9"
441,"fcf48c6d2a985c286b25581482c15bc6638ba26c1853484231cc08530129add158cda3a54cc116d4334ad9b173b84086c8cca199749ba5d6303a9e80d34d605c"
442,"fd29cb95a8ad1786ee4fffc755acc9000ddbbad8f9c953872453044b2c03e32f7c60b8aa151d3aee021282b1295860012e72599c7526dd6fb3872a1b164d8ceb"
443,"fe69537b4f9c2f77fced07c8ab5c46ca26f7293aa8259efc8b890ed51f14dca945679d90362558a3d7b7ac689f5b8f8c4d3457f4514c41205150f472004af345"
444,"fef7c390317fb86f918f677443d8669ed108fb401fac5b77fb1d0caf88fff2bf3695bd2888581f0ece8f1b4aadb8f8536d15f4861e59b9da2a00f9d05954413a"
445,"ff4a166a711613767684c8185d51422d39070749cd67e8ddb12957c47c2947a98542363d7ec17be27025c03a52a49551eb5e14ca1d76d78699a5c44ddb18d866"
446,"ff5670e387db8f2787305a8203d3065b55763a22c71d2e7b71302cfa813d12b55080ccdc79d7376855ed3edd0779c07b740177376a1fe453d2c037c9af3c23ae"
447,"ff64b4db14a8ebc2c36ccaf9b5393c5e705f014ce7375cd6a69921fdffd917b25efa95c82e0f77734498217151a531fba713e0ef785e4f29d9e559c342c7487e"
448,"ff6a10507a8224fe988808c4f83a16485f0eeedc9fac5c6078e93292be61a7c7ba652648a5323f1d60291050f8a1f6399c1738758c57954f6983c1bc8a84252c"
449,"ff9ef28bfb61ce8d02c5a775695946630cecc82e5d1ad754a4bf5cc5ccaaae2295eb87513cf83642d8b2dc8f6d7f80c4199aba432097ec31539937b00458cb6a"
450,"ffe3716cd61e4744fc8ba5cd359216a96d80ae9e687a5be967f5530f653b1d31035c695672f94df2f43aa550c2daf177a145e124b3b152cbdaab203d0f7b993d"
